"name","X2024_fpts.g","predicted_fpts_2024","position"
"CeeDee Lamb",17.6,25.9441307548053,"WR"
"Tyreek Hill",12.8,22.5478640383506,"WR"
"Amon-Ra St. Brown",18.6,22.0434963133359,"WR"
"Keenan Allen",12.3,21.8552416649091,"WR"
"Davante Adams",17.2,19.1833609191848,"WR"
"Christian McCaffrey",11.9,18.9426045265203,"RB"
"Stefon Diggs",15.2,18.8091264890909,"WR"
"Alvin Kamara",18.9,18.5247544380337,"RB"
"Breece Hall",15.1,17.7493911045781,"RB"
"A.J. Brown",16.7,17.2295316649796,"WR"
"Adam Thielen",13.9,17.1353412036479,"WR"
"Puka Nacua",18.8,17.021813060866,"WR"
"Kyren Williams",17,16.8353092475374,"RB"
"James Cook",16.7,16.0287899985373,"RB"
"Rachaad White",12.5,15.9389752532028,"RB"
"Bijan Robinson",20.1,15.5909814481753,"RB"
"Saquon Barkley",22.2,15.1823119951108,"RB"
"De'Von Achane",17.6,15.0191462766215,"RB"
"DJ Moore",14,14.7312572465707,"WR"
"Evan Engram",9.9,14.7264034752045,"TE"
"Josh Allen",22.3,14.4054256154906,"QB"
"James Conner",15.9,14.3835309798835,"RB"
"Isiah Pacheco",8.1,14.373817947451,"RB"
"Michael Pittman Jr.",10.4,14.2562106433829,"WR"
"Jonathan Taylor",17.6,14.1178751909418,"RB"
"Travis Etienne Jr.",8.7,14.038744656493,"RB"
"Aaron Jones",14.2,14.0140265686225,"RB"
"Joe Mixon",17.2,13.8774860135419,"RB"
"Josh Jacobs",17.2,13.79672603426,"RB"
"Tony Pollard",12.5,13.7578739045298,"RB"
"Jahmyr Gibbs",21.3,13.7367763757246,"RB"
"Austin Ekeler",11,13.6523538182705,"RB"
"Jaylen Warren",8.3,13.4392643857516,"RB"
"T.J. Hockenson",8.7,13.3286915407819,"TE"
"D'Andre Swift",12.6,13.3087485809167,"RB"
"Brian Robinson Jr.",11.4,13.1222490304383,"RB"
"Jalen Hurts",21,13.0958414686278,"QB"
"Jerome Ford",9.6,13.0762235061791,"RB"
"Javonte Williams",9.3,12.9607547758891,"RB"
"Nick Chubb",7.9,12.9477408346833,"RB"
"Rhamondre Stevenson",11.7,12.9475309270998,"RB"
"Lamar Jackson",25.3,12.908758019076,"QB"
"Travis Kelce",12.2,12.7650458680667,"TE"
"David Njoku",13.5,12.7613946811211,"TE"
"Garrett Wilson",14.8,12.7140389759619,"WR"
"Sam LaPorta",10.9,12.6656896271801,"TE"
"Dak Prescott",14.6,12.596952269823,"QB"
"Joe Flacco",12.4,12.596952269823,"QB"
"Chris Godwin",19.7,12.4341731045245,"WR"
"Zack Moss",10.2,12.2181931179034,"RB"
"Ezekiel Elliott",3.8,12.1946236743162,"RB"
"Kenneth Walker III",16.5,12.0133904428287,"RB"
"Chris Olave",9.6,11.9121281662918,"WR"
"Chuba Hubbard",16.1,11.8155836964528,"RB"
"Jordan Love",15.6,11.7238961719144,"QB"
"Tyjae Spears",9.5,11.6864941666063,"RB"
"Kirk Cousins",12.6,11.6615350220638,"QB"
"Brock Purdy",17.8,11.5368127223626,"QB"
"Alexander Mattison",9.8,11.5349485560877,"RB"
"Ja'Marr Chase",23.7,11.5302160837118,"WR"
"Devin Singletary",6.4,11.4941893508193,"RB"
"C.J. Stroud",13,11.474451572512,"QB"
"Kyler Murray",17.5,11.4120904226614,"QB"
"Derrick Henry",19.8,11.3638510118145,"RB"
"Anthony Richardson",14.9,11.3497292728108,"QB"
"Justin Herbert",16.8,11.2250069731096,"QB"
"Khalil Herbert",2.2,11.0867009837916,"RB"
"Justin Fields",11.9,11.0379235235577,"QB"
"Trey McBride",15.6,10.9824421844698,"TE"
"Patrick Mahomes",17.7,10.9132012238565,"QB"
"Antonio Gibson",6.1,10.8051299463415,"RB"
"Najee Harris",12,10.726631974258,"RB"
"Russell Wilson",15.7,10.6637566244541,"QB"
"Jared Goff",19.1,10.6013954746035,"QB"
"Jake Ferguson",7.5,10.5779484409821,"TE"
"Samaje Perine",4.8,10.5300063139189,"RB"
"David Montgomery",15.8,10.4176677647908,"RB"
"Trevor Lawrence",14.5,10.2272285754998,"QB"
"Matthew Stafford",13.4,10.1025062757986,"QB"
"Baker Mayfield",21.5,10.040145125948,"QB"
"Jake Browning",-0.1,9.9777839760974,"QB"
"D'Onta Foreman",3,9.92161346158682,"RB"
"Tua Tagovailoa",16.5,9.91542282624679,"QB"
"Raheem Mostert",5.5,9.87363884268243,"RB"
"Zach Charbonnet",11,9.78330127721112,"RB"
"George Kittle",15.8,9.71338810910861,"TE"
"DeAndre Hopkins",9.2,9.67863103088624,"WR"
"Cole Kmet",7.1,9.60679097931514,"TE"
"Joshua Dobbs",15.4,9.60361707699374,"QB"
"Calvin Ridley",11.7,9.50759351228068,"WR"
"Geno Smith",15.6,9.47889477729253,"QB"
"Dalton Kincaid",7.8,9.44883150207886,"TE"
"Terry McLaurin",15.8,9.42171288634421,"WR"
"Sam Howell",-0.3,9.41653362744192,"QB"
"Tyler Allgeier",6.2,9.41167030547482,"RB"
"Kyle Pitts",7.7,9.27286203005198,"TE"
"Jakobi Meyers",14.5,9.2663604347733,"WR"
"Dalton Schultz",7,9.22446858907647,"TE"
"Tyler Lockett",7.1,9.18315522547663,"WR"
"Joe Burrow",21.9,9.16708902803948,"QB"
"Roschon Johnson",5.5,9.14187113781101,"RB"
"Jaleel McLaughlin",6.1,9.0664613273025,"RB"
"Deshaun Watson",11,9.04236672833827,"QB"
"Tyler Conklin",7.6,8.90484930866157,"TE"
"Mike Evans",17.2,8.90173668816968,"WR"
"Derek Carr",15.1,8.85528327878644,"QB"
"Dallas Goedert",10.4,8.76850187416482,"TE"
"Jeff Driskel",0,8.66819982923461,"QB"
"Miles Sanders",7,8.59464431141918,"RB"
"Kenneth Gainwell",3.7,8.59185948456394,"RB"
"Justice Hill",8.5,8.45163064729647,"RB"
"Nick Mullens",0.3,8.29403293013096,"QB"
"Taylor Heinicke",0.8,8.23167178028035,"QB"
"Carson Wentz",1.6,8.16931063042974,"QB"
"Chig Okonkwo",6.7,7.96002455870217,"TE"
"Ty Chandler",1.7,7.93100328029873,"RB"
"Gardner Minshew II",9.6,7.67042143162487,"QB"
"Nico Collins",17.6,7.67002658597541,"WR"
"Rico Dowdle",12.4,7.66861311876206,"RB"
"Dameon Pierce",4,7.5306883078,"RB"
"Zamir White",3.7,7.5043340373576,"RB"
"Gerald Everett",0.7,7.41194249181081,"TE"
"Cam Akers",5.5,7.38256008650204,"RB"
"Desmond Ridder",4.4,7.35861568237183,"QB"
"Jonnu Smith",13.1,7.31742988986104,"TE"
"Tyler Higbee",8.9,7.26538526193988,"TE"
"Emari Demercado",4.2,7.20650913531129,"RB"
"Jamaal Williams",2.6,7.11094727043618,"RB"
"Aidan O'Connell",10.4,7.1091710829694,"QB"
"Chase Brown",15.9,7.09406084347464,"RB"
"Mark Andrews",11.1,7.06571392212543,"TE"
"Michael Carter",11.9,7.06492174617699,"RB"
"Will Levis",10,7.04680993311879,"QB"
"Cade Otton",10,6.95483246390468,"TE"
"Gus Edwards",5.8,6.93061749428021,"RB"
"Kendre Miller",4.9,6.83533326011021,"RB"
"Tyson Bagent",-0.1,6.67264303401513,"QB"
"Hunter Henry",9.1,6.55398990736258,"TE"
"Amari Cooper",8.8,6.50028252276109,"WR"
"Juwan Johnson",7.2,6.26076482363962,"TE"
"Mason Rudolph",12,6.17375383521026,"QB"
"Bryce Young",13.9,6.11139268535966,"QB"
"Ameer Abdullah",7.8,6.10234245009509,"RB"
"Mac Jones",9.6,6.04903153550905,"QB"
"Mitchell Trubisky",1.7,6.04903153550905,"QB"
"Daniel Jones",13.5,5.92430923580783,"QB"
"Tommy DeVito",4.5,5.86194808595722,"QB"
"DeVonta Smith",15.3,5.81090591662616,"WR"
"Kareem Hunt",12,5.77252590077432,"RB"
"Kenny Pickett",5,5.737225786256,"QB"
"Jimmy Garoppolo",19.9,5.737225786256,"QB"
"D'Ernest Johnson",2.6,5.67010355344347,"RB"
"Taysom Hill",12.8,5.61250348655479,"QB"
"Pierre Strong Jr.",2.5,5.55925900242533,"RB"
"Jarrett Stidham",0.2,5.55014233670418,"QB"
"Cordarrelle Patterson",2.9,5.45373891616598,"RB"
"Jaylen Waddle",10,5.41812122075136,"WR"
"Tanner Hudson",3.5,5.33868308342654,"TE"
"Ty Johnson",5.4,5.27647159757037,"RB"
"Kylen Granson",1.9,5.20877128738952,"TE"
"Patrick Taylor Jr.",2.3,5.18808312722425,"RB"
"Drake London",16.5,5.14527829624368,"WR"
"Pat Freiermuth",9.9,5.02813028539133,"TE"
"Luke Musgrave",1.6,4.97249595550894,"TE"
"Tyrod Taylor",10,4.92653083819809,"QB"
"Zach Ertz",10.4,4.74813304250655,"TE"
"Jacoby Brissett",5.7,4.73944738864626,"QB"
"Jayden Reed",11.6,4.73467279379451,"WR"
"Craig Reynolds",1.2,4.6947812091221,"RB"
"Deebo Samuel Sr.",10.2,4.61830122295017,"WR"
"Mike Gesicki",8.3,4.59125539328034,"TE"
"Drew Lock",10,4.55236393909444,"QB"
"Chris Rodriguez Jr.",3.5,4.51472906367125,"RB"
"Tyler Goodson",2.8,4.48023022024666,"RB"
"Durham Smythe",0.8,4.47041007962303,"TE"
"DK Metcalf",12.7,4.46062772497716,"WR"
"Noah Fant",7.4,4.45125677183796,"TE"
"Trey Sermon",3.2,4.40252596078627,"RB"
"Jordan Mason",9.6,4.36503238292291,"RB"
"Jordan Addison",14.2,4.35461678481806,"WR"
"Justin Jefferson",18.7,4.34819137809312,"WR"
"Isaiah Likely",7.7,4.32266039776092,"TE"
"Zay Flowers",12.3,4.30665147127185,"WR"
"Bailey Zappe",7,4.302919339692,"QB"
"Noah Gray",6.7,4.29626620106897,"TE"
"Michael Mayer",3.3,4.24604716662064,"TE"
"Ronnie Rivers",1.1,4.23497167462321,"RB"
"Tucker Kraft",9.6,4.19816389715796,"TE"
"Dawson Knox",3.7,3.81282346145529,"TE"
"Emanuel Wilson",5.6,3.71409911867379,"RB"
"Andy Dalton",9.8,3.67930784118592,"QB"
"Adam Trautman",2.6,3.63269263096994,"TE"
"Tank Bigsby",8.1,3.61139914063782,"RB"
"Colby Parkinson",3.8,3.53875168551741,"TE"
"Connor Heyward",0.9,3.45672315894307,"TE"
"Hayden Hurst",1.7,3.45621298743023,"TE"
"Tommy Tremble",4.7,3.37002310239741,"TE"
"Austin Hooper",6.4,3.18031561801952,"TE"
"Chris Brooks",2.8,3.15437443299417,"RB"
"Romeo Doubs",10.2,2.99929397395244,"WR"
"Josh Oliver",4.4,2.92722274333953,"TE"
"Daniel Bellinger",1.6,2.917646089447,"TE"
"Drew Sample",2.1,2.82370514399446,"TE"
"John Bates",0.8,2.82187955052164,"TE"
"Will Mallory",0.7,2.748917506327,"TE"
"Tyler Huntley",12.1,2.68152944357618,"QB"
"Foster Moreau",6.1,2.64539990698193,"TE"
"Elijah Moore",7.1,2.4575190813341,"WR"
"Marcus Mariota",15.3,2.43208484417374,"QB"
"Johnny Mundt",2.7,2.39048143882912,"TE"
"Mo Alie-Cox",1.9,2.34442376283926,"TE"
"Jordan Akins",5.4,2.32344486158137,"TE"
"Will Dissly",7.3,2.30611714726912,"TE"
"Harrison Bryant",1.4,2.30184516482954,"TE"
"Jeremy Ruckert",1.7,2.26781053169898,"TE"
"Drew Ogletree",1.5,2.26005947127926,"TE"
"Tim Boyle",4.6,2.24500139462191,"QB"
"Brandin Cooks",7,2.22043142367511,"WR"
"Stone Smartt",2.3,2.16429293235391,"TE"
"Elijah Higgins",2.9,2.1009075420518,"TE"
"Davis Mills",2.4,1.87083449551826,"QB"
"Jaxon Smith-Njigba",14.9,1.79207933869625,"WR"
"Rashee Rice",16.2,1.77826964103354,"WR"
"Dorian Thompson-Robinson",2.3,1.74611219581704,"QB"
"Lucas Krull",2.6,1.64077946868167,"TE"
"George Pickens",11.7,1.62566347505184,"WR"
"Pharaoh Brown",0.8,1.61980056742378,"TE"
"Josh Whyle",3.6,1.61980056742378,"TE"
"Courtland Sutton",14.1,1.60655154270572,"WR"
"Luke Farrell",1.1,1.5719172979611,"TE"
"Luke Schoonmaker",3.4,1.56234064406857,"TE"
"Brock Wright",2.1,1.50670631418617,"TE"
"Sam Darnold",18.1,1.434306446564,"QB"
"Wan'Dale Robinson",10.7,1.27994166218495,"WR"
"MyCole Pruitt",1.3,1.27094115381843,"TE"
"Christian Kirk",8.9,1.23019610618458,"WR"
"Davis Allen",0.7,1.19615351615097,"TE"
"Jameis Winston",10.9,1.06013954746035,"QB"
"Darnell Washington",2.6,1.01602268566562,"TE"
"Charlie Kolar",2.2,0.979541663568296,"TE"
"Brenton Strange",5.4,0.941235047998154,"TE"
"Ian Thomas",0.7,0.931658394105619,"TE"
"Julian Hill",1.4,0.902928432428012,"TE"
"Josiah Deguara",0.3,0.847294102545621,"TE"
"Peyton Hendershot",1.4,0.795821131121706,"TE"
"Payne Durham",2.2,0.734199849308017,"TE"
"Greg Dulcich",0.9,0.643910090801125,"TE"
"Ben Sims",0.5,0.630682249962948,"TE"
"Malik Willis",7.4,0.623611498506087,"QB"
"Clayton Tune",-0.3,0.561250348655479,"QB"
"Nate Adkins",2.6,0.527164650617879,"TE"
"Cooper Kupp",14.6,0.496265580253399,"WR"
"Kenny Yeboah",1.7,0.471530320735487,"TE"
"Tyler Boyd",4.9,0.44789144683408,"WR"
"Grant Calcaterra",3.5,0.42364705127281,"TE"
"Quintin Morris",0.9,0.348859413605348,"TE"
"Charlie Woerner",0.7,0.320129451927742,"TE"
"Eric Saubert",1.6,0.320129451927742,"TE"
"Cooper Rush",9.1,0.249444599402435,"QB"
"Mike White",1.1,0.187083449551826,"QB"
"Josh Downs",13.1,0.108190766682466,"WR"
"Aaron Rodgers",15.1,3.40888513607896e-17,"QB"
"Kyle Trask",-0.1,-0.0623611498506087,"QB"
"Kyle Allen",0.8,-0.124722299701217,"QB"
"Jerry Jeudy",14.2,-0.716131908557458,"WR"
"Tank Dell",10,-1.16028135882411,"WR"
"DeMario Douglas",8.7,-1.2569106771235,"WR"
"Rashod Bateman",10.3,-1.28678362096218,"WR"
"Rashid Shaheed",12.6,-2.24177929938351,"WR"
"Diontae Johnson",7.4,-2.39482424009304,"WR"
"Kendrick Bourne",5.4,-3.25964589465394,"WR"
"Tutu Atwell",5.8,-3.44588339767263,"WR"
"Demarcus Robinson",7.3,-4.76239209109771,"WR"
"Dontayvion Wicks",6.5,-5.36615138208149,"WR"
"Darnell Mooney",12.1,-5.50732381617473,"WR"
"Tee Higgins",18.5,-5.54572077426392,"WR"
"Darius Slayton",6.9,-6.53178138132696,"WR"
"Quentin Johnston",11.6,-6.88617885115854,"WR"
"Joshua Palmer",7.2,-7.27304963146091,"WR"
"Alec Pierce",10.1,-7.36325232962507,"WR"
"Allen Lazard",10.5,-7.99548521662771,"WR"
"Christian Watson",7,-8.27946003297056,"WR"
"Nick Westbrook-Ikhine",8,-8.74019326136026,"WR"
"Jameson Williams",14.1,-9.38754840656475,"WR"
"Greg Dortch",5.3,-9.52312676829125,"WR"
"Michael Wilson",7.8,-9.57596365218214,"WR"
"Noah Brown",7.8,-9.82588406687758,"WR"
"Tre Tucker",7.6,-10.4863160629747,"WR"
"Khalil Shakir",12.2,-14.6073679458704,"WR"
"Marvin Mims Jr.",7.6,-15.2130207802904,"WR"
